{"I_rms": 4.907477288111819, "delta_e_deg": 289.9802728777132, "bounds": {"a_m": [0.8, 0.95], "T_m": [1.8, 2.6], "T_m2_ratio": [0.6, 0.92], "W_t": [2.999, 4.2], "MagnetR": [0.4, 1.1]}, "design": "4. 400W_BasicModel_Load_Optimized"}