{"I_rms": 26.904522544236563, "delta_e_deg": 289.37248551930116, "bounds": {"a_m": [0.8, 0.95], "T_m": [2.618, 3.782], "T_m2_ratio": [0.6, 0.92], "W_t": [3.771, 5.28], "MagnetR": [0.4, 1.1]}, "design": "1. InnerType_KRO80_Load_Peak120Nm"}