{
 "resp_est": {
  "T_avg": 0.4975000056870841,
  "T_ripple_pp": 0.02221910891104506,
  "T_ripple_pct": 4.46615249387964,
  "P_out": 234.44135445411356,
  "P_fe_stator": {
   "P_total": 8.712858062665228,
   "P_hyst": 3.6879719643781614,
   "P_eddy": 2.7900218238024332,
   "P_excess": 2.2348642744846345
  },
  "P_fe_rotor": {
   "P_total": 0.06077823532009137,
   "P_hyst": 0.0040683307435305386,
   "P_eddy": 0.009668269988764217,
   "P_excess": 0.047041634587796616
  },
  "P_fe": 8.77363629798532,
  "P_cu": 2.447909701614425,
  "R_ph": 0.059603352851580825,
  "R_ph_estimated": true,
  "efficiency": 0.9543213648504729,
  "f1_Hz": 600.0,
  "note": "\uc790\uc11d \uc640\ub958\uc190\u00b7\uae30\uacc4\uc190 \ubbf8\ud3ec\ud568. \u03b7 = P_out/(P_out+P_cu+P_fe)."
 },
 "resp_pdfR": {
  "T_avg": 0.4975000056870841,
  "T_ripple_pp": 0.02221910891104506,
  "T_ripple_pct": 4.46615249387964,
  "P_out": 234.44135445411356,
  "P_fe_stator": {
   "P_total": 8.712858062665228,
   "P_hyst": 3.6879719643781614,
   "P_eddy": 2.7900218238024332,
   "P_excess": 2.2348642744846345
  },
  "P_fe_rotor": {
   "P_total": 0.06077823532009137,
   "P_hyst": 0.0040683307435305386,
   "P_eddy": 0.009668269988764217,
   "P_excess": 0.047041634587796616
  },
  "P_fe": 8.77363629798532,
  "P_cu": 5.5,
  "R_ph": 0.13391770148526902,
  "R_ph_estimated": false,
  "efficiency": 0.942610470503516,
  "f1_Hz": 600.0,
  "note": "\uc790\uc11d \uc640\ub958\uc190\u00b7\uae30\uacc4\uc190 \ubbf8\ud3ec\ud568. \u03b7 = P_out/(P_out+P_cu+P_fe)."
 }
}