{
 "resp_est": {
  "T_avg": 0.8744277521863074,
  "T_ripple_pp": 0.03540860116933309,
  "T_ripple_pct": 4.049345538359452,
  "P_out": 412.064370354531,
  "P_fe_stator": {
   "P_total": 11.672105506954772,
   "P_hyst": 4.9269516133968185,
   "P_eddy": 3.7426176329929444,
   "P_excess": 3.002536260565008
  },
  "P_fe_rotor": {
   "P_total": 0.08563084570087012,
   "P_hyst": 0.005729013511063015,
   "P_eddy": 0.013711845664004229,
   "P_excess": 0.06618998652580288
  },
  "P_fe": 11.757736352655641,
  "P_cu": 5.724306007865824,
  "R_ph": 0.0794711371354411,
  "R_ph_estimated": true,
  "efficiency": 0.9593011561893348,
  "f1_Hz": 600.0,
  "note": "\uc790\uc11d \uc640\ub958\uc190\u00b7\uae30\uacc4\uc190 \ubbf8\ud3ec\ud568. \u03b7 = P_out/(P_out+P_cu+P_fe)."
 },
 "resp_pdfR": {
  "T_avg": 0.8744277521863074,
  "T_ripple_pp": 0.03540860116933309,
  "T_ripple_pct": 4.049345538359452,
  "P_out": 412.064370354531,
  "P_fe_stator": {
   "P_total": 11.672105506954772,
   "P_hyst": 4.9269516133968185,
   "P_eddy": 3.7426176329929444,
   "P_excess": 3.002536260565008
  },
  "P_fe_rotor": {
   "P_total": 0.08563084570087012,
   "P_hyst": 0.005729013511063015,
   "P_eddy": 0.013711845664004229,
   "P_excess": 0.06618998652580288
  },
  "P_fe": 11.757736352655641,
  "P_cu": 11.400000000000002,
  "R_ph": 0.15826738858808828,
  "R_ph_estimated": false,
  "efficiency": 0.946790992470803,
  "f1_Hz": 600.0,
  "note": "\uc790\uc11d \uc640\ub958\uc190\u00b7\uae30\uacc4\uc190 \ubbf8\ud3ec\ud568. \u03b7 = P_out/(P_out+P_cu+P_fe)."
 },
 "gamma": 190.8765207515682,
 "cog_pp_vw": null,
 "cog_pp_ark": null
}