{"x": {"a_m": 0.8, "T_m": 1.8, "T_m2_ratio": 0.9164003050297603, "W_t": 3.964351044748873, "MagnetR": 0.9541671012903797}, "fem": {"T_avg": 852.9570935051927, "emf_rms": 6.173158095822434, "ripple_pct": 4.664107865686262, "B_tooth": 2.6410661737167267, "magnet_area": 250.65739898060002}}