{"de_D": 0.8474268243822909, "sac_D": 0.840879491630056, "de_u": [0.056890920757621276, 0.0, 1.0, 0.7520089891003767, 0.7826694302541162], "sac_u": [0.0, 0.0, 0.988750953218001, 0.8036258706240605, 0.7916672875576852], "rollout_top5": [0.7892834776590993, 0.7890696277576366, 0.7887050312412012, 0.7883616184145978, 0.7874416566583429]}